{"cameraMode":{"drawMode":0,"name":"Shaded","section":"Shading Mode"},"sceneLighting":true,"audioPlay":false,"sceneViewState":{"showFog":true,"showMaterialUpdate":false,"showSkybox":true,"showFlares":true,"showImageEffects":true,"showParticleSystems":true},"in2DMode":false,"pivot":{"x":50.4361572265625,"y":-14.022872924804688,"z":37.615234375},"rotation":{"x":0.15535058081150056,"y":-0.014817260205745697,"z":0.002330400748178363,"w":0.9877455830574036},"size":57.74949264526367,"orthographic":true}