{"cameraMode":{"drawMode":0,"name":"Shaded","section":"Shading Mode"},"sceneLighting":true,"audioPlay":false,"sceneViewState":{"showFog":true,"showMaterialUpdate":false,"showSkybox":true,"showFlares":true,"showImageEffects":true,"showParticleSystems":true},"in2DMode":false,"pivot":{"x":13.9359130859375,"y":-5.27056884765625,"z":28.568359375},"rotation":{"x":0.013492783531546593,"y":-0.03149211406707764,"z":0.00042575260158628225,"w":0.9994128346443176},"size":15.401378631591797,"orthographic":true}