{"cameraMode":{"drawMode":0,"name":"Shaded","section":"Shading Mode"},"sceneLighting":true,"audioPlay":false,"sceneViewState":{"showFog":true,"showMaterialUpdate":false,"showSkybox":true,"showFlares":true,"showImageEffects":true,"showParticleSystems":true},"in2DMode":false,"pivot":{"x":69.82196044921875,"y":-13.87554931640625,"z":41.41796875},"rotation":{"x":0.20341208577156068,"y":0.07774512469768524,"z":-0.01620534621179104,"w":0.9758671522140503},"size":13.62976360321045,"orthographic":true}