{"cameraMode":{"drawMode":0,"name":"Shaded","section":"Shading Mode"},"sceneLighting":true,"audioPlay":false,"sceneViewState":{"showFog":true,"showMaterialUpdate":false,"showSkybox":true,"showFlares":true,"showImageEffects":true,"showParticleSystems":true},"in2DMode":false,"pivot":{"x":29.23040771484375,"y":-12.30029296875,"z":38.609375},"rotation":{"x":0.020396480336785318,"y":0.004499174188822508,"z":-0.00009173896251013502,"w":0.9997818470001221},"size":42.676719665527347,"orthographic":true}