{"cameraMode":{"drawMode":0,"name":"Shaded","section":"Shading Mode"},"sceneLighting":true,"audioPlay":false,"sceneViewState":{"showFog":true,"showMaterialUpdate":false,"showSkybox":true,"showFlares":true,"showImageEffects":true,"showParticleSystems":true},"in2DMode":false,"pivot":{"x":241.27354431152345,"y":1.5739868879318238,"z":53.93815231323242},"rotation":{"x":0.0025151162408292295,"y":-0.9911969304084778,"z":0.13099615275859834,"w":0.019037237390875818},"size":7.998652458190918,"orthographic":true}