{"cameraMode":{"drawMode":0,"name":"Shaded","section":"Shading Mode"},"sceneLighting":false,"audioPlay":false,"sceneViewState":{"showFog":true,"showMaterialUpdate":false,"showSkybox":true,"showFlares":true,"showImageEffects":true,"showParticleSystems":true},"in2DMode":false,"pivot":{"x":68.50827026367188,"y":-15.643224716186524,"z":42.14299774169922},"rotation":{"x":0.025361111387610437,"y":-0.10328178852796555,"z":0.002634301781654358,"w":0.9943252801895142},"size":15.454473495483399,"orthographic":false}