{"cameraMode":{"drawMode":0,"name":"Shaded","section":"Shading Mode"},"sceneLighting":true,"audioPlay":false,"sceneViewState":{"showFog":true,"showMaterialUpdate":false,"showSkybox":true,"showFlares":true,"showImageEffects":true,"showParticleSystems":true},"in2DMode":false,"pivot":{"x":250.2578125,"y":11.86181640625,"z":66.265625},"rotation":{"x":-0.002394659211859107,"y":-0.05097786337137222,"z":0.00012220314238220453,"w":-0.9986969232559204},"size":60.09028625488281,"orthographic":true}