{"cameraMode":{"drawMode":0,"name":"Shaded","section":"Shading Mode"},"sceneLighting":true,"audioPlay":false,"sceneViewState":{"showFog":true,"showMaterialUpdate":false,"showSkybox":true,"showFlares":true,"showImageEffects":true,"showParticleSystems":true},"in2DMode":false,"pivot":{"x":32.2592887878418,"y":-18.9765625,"z":37.940635681152347},"rotation":{"x":0.0991579219698906,"y":0.25956398248672488,"z":-0.02680326998233795,"w":0.960247814655304},"size":86.3580551147461,"orthographic":true}