{"cameraMode":{"drawMode":0,"name":"Shaded","section":"Shading Mode"},"sceneLighting":true,"audioPlay":false,"sceneViewState":{"showFog":true,"showMaterialUpdate":false,"showSkybox":true,"showFlares":true,"showImageEffects":true,"showParticleSystems":true},"in2DMode":false,"pivot":{"x":6.9499664306640629,"y":-7.6058807373046879,"z":38.01953125},"rotation":{"x":0.0015000103740021587,"y":-0.0008980876882560551,"z":0.0000012949294614372776,"w":0.9999984502792358},"size":10.816887855529786,"orthographic":true}