{"cameraMode":{"drawMode":0,"name":"Shaded","section":"Shading Mode"},"sceneLighting":true,"audioPlay":false,"sceneViewState":{"showFog":true,"showMaterialUpdate":false,"showSkybox":true,"showFlares":true,"showImageEffects":true,"showParticleSystems":true},"in2DMode":false,"pivot":{"x":73.8365478515625,"y":2.9609375,"z":11.41796875},"rotation":{"x":0.17870691418647767,"y":-0.05899500474333763,"z":0.010736271739006043,"w":0.9820734262466431},"size":22.00764274597168,"orthographic":true}