{"cameraMode":{"drawMode":0,"name":"Shaded","section":"Shading Mode"},"sceneLighting":true,"audioPlay":false,"sceneViewState":{"showFog":true,"showMaterialUpdate":false,"showSkybox":true,"showFlares":true,"showImageEffects":true,"showParticleSystems":true},"in2DMode":false,"pivot":{"x":44.896728515625,"y":-11.52783203125,"z":35.0625},"rotation":{"x":0.014991569332778454,"y":-0.03238874673843384,"z":0.00048587864148430526,"w":0.9993628263473511},"size":56.26889419555664,"orthographic":true}